药学院,,﻿,复旦大学药学院创建于1936年,1936年,,,,﻿复旦大学药学院创建于1936年，时称国立上海医学院药学专修科，继后分别更名为国立上海医学院药科、国立上海医学院药学院、上海第一医学院药学系、上海医科大学药学院。
药学院,,创建,于1936年,1936年,复旦大学,,,﻿复旦大学药学院创建于1936年，时称国立上海医学院药学专修科，继后分别更名为国立上海医学院药科、国立上海医学院药学院、上海第一医学院药学系、上海医科大学药学院。
药学院,,时称,国立上海医学院药学专修科,1936年,,,,﻿复旦大学药学院创建于1936年，时称国立上海医学院药学专修科，继后分别更名为国立上海医学院药科、国立上海医学院药学院、上海第一医学院药学系、上海医科大学药学院。
药学院,,更名,国立上海医学院药科、国立上海医学院药学院、上海第一医学院药学系、上海医科大学药学院,1936年,,,,﻿复旦大学药学院创建于1936年，时称国立上海医学院药学专修科，继后分别更名为国立上海医学院药科、国立上海医学院药学院、上海第一医学院药学系、上海医科大学药学院。
药学院,,合并,复旦大学药学院,2000年,复旦大学,,,2000年，原上海医科大学与原复旦大学合并后定名为复旦大学药学院。
药学院,,定名为,复旦大学药学院,2000年,复旦大学,,,2000年，原上海医科大学与原复旦大学合并后定名为复旦大学药学院。
药学院,,其是,我国最具影响力的五所高等药学院校之一,,,,五,其是我国最具影响力的五所高等药学院校之一，优势和特色鲜明。
药学院,,具,影响力,,,,五,其是我国最具影响力的五所高等药学院校之一，优势和特色鲜明。
药学院,优势和特色,鲜明,,,,,,其是我国最具影响力的五所高等药学院校之一，优势和特色鲜明。
药学院,QS药学和药理学专业大学排名,进入,ESI排名,2014年,,,0.2%,2014年复旦大学的QS药学和药理学专业大学排名为第53名，同时进入ESI排名前0.2%，均为国内领先水平；同年药学学科被评为复旦大学5个最具优势的学科之一。
药学院,QS药学和药理学专业大学排名,均为国内领先水平,,2014年,,,,2014年复旦大学的QS药学和药理学专业大学排名为第53名，同时进入ESI排名前0.2%，均为国内领先水平；同年药学学科被评为复旦大学5个最具优势的学科之一。
药学院,药学学科,评为,复旦大学5个最具优势的学科之一,2014年,,,5,2014年复旦大学的QS药学和药理学专业大学排名为第53名，同时进入ESI排名前0.2%，均为国内领先水平；同年药学学科被评为复旦大学5个最具优势的学科之一。
药学院,药学学科,具,优势,2014年,复旦大学,,5,2014年复旦大学的QS药学和药理学专业大学排名为第53名，同时进入ESI排名前0.2%，均为国内领先水平；同年药学学科被评为复旦大学5个最具优势的学科之一。
药学院,QS药学和药理学专业大学排名,搬迁至,上海市浦东新区张江高科技园区内的复旦大学张江校区,2008年8月,,,,2008年8月，药学院整体搬迁至上海市浦东新区张江高科技园区内的复旦大学张江校区，占地面积80亩，工作用房面积2.5万平方米，由科研楼、化学楼、实验动物楼、本科生实验教学楼等楼宇构成。
药学院,QS药学和药理学专业大学排名,占地,面积,2008年8月,,,80,2008年8月，药学院整体搬迁至上海市浦东新区张江高科技园区内的复旦大学张江校区，占地面积80亩，工作用房面积2.5万平方米，由科研楼、化学楼、实验动物楼、本科生实验教学楼等楼宇构成。
药学院,工作用房面积,2.5万平方米,,2008年8月,,,2.5万,2008年8月，药学院整体搬迁至上海市浦东新区张江高科技园区内的复旦大学张江校区，占地面积80亩，工作用房面积2.5万平方米，由科研楼、化学楼、实验动物楼、本科生实验教学楼等楼宇构成。
药学院,QS药学和药理学专业大学排名,构成,,2008年8月,,,,2008年8月，药学院整体搬迁至上海市浦东新区张江高科技园区内的复旦大学张江校区，占地面积80亩，工作用房面积2.5万平方米，由科研楼、化学楼、实验动物楼、本科生实验教学楼等楼宇构成。
药学院,学科体系复旦大学药学院学科体系复旦大学药学院,围绕,药物的研究、开发和应用,,复旦大学,,,学科体系复旦大学药学院围绕药物的研究、开发和应用，构建了以四大学科群为基本框架、四个中心和四个平台为支撑点的创新药物研究和高端药学人才培养的药学学科体系，开展创新药物发现、生物效应与成药性研究、药物制剂与递送、药物临床应用与安全性评价等教学和科研工作，使药学基础研究与新药开发应用有机融合，形成了创新药物研究与应用并重的学科发展格局。
药学院,学科体系复旦大学药学院学科体系复旦大学药学院,构建,以四大学科群为基本框架、四个中心和四个平台为支撑点的创新药物研究和高端药学人才培养的药学学科体系,,,,四,学科体系复旦大学药学院围绕药物的研究、开发和应用，构建了以四大学科群为基本框架、四个中心和四个平台为支撑点的创新药物研究和高端药学人才培养的药学学科体系，开展创新药物发现、生物效应与成药性研究、药物制剂与递送、药物临床应用与安全性评价等教学和科研工作，使药学基础研究与新药开发应用有机融合，形成了创新药物研究与应用并重的学科发展格局。
药学院,学科体系复旦大学药学院学科体系复旦大学药学院,培养,药学学科体系,,,,四,学科体系复旦大学药学院围绕药物的研究、开发和应用，构建了以四大学科群为基本框架、四个中心和四个平台为支撑点的创新药物研究和高端药学人才培养的药学学科体系，开展创新药物发现、生物效应与成药性研究、药物制剂与递送、药物临床应用与安全性评价等教学和科研工作，使药学基础研究与新药开发应用有机融合，形成了创新药物研究与应用并重的学科发展格局。
药学院,学科体系复旦大学药学院学科体系复旦大学药学院,开展,创新药物发现、生物效应与成药性研究、药物制剂与递送、药物临床应用与安全性评价等教学和科研工作，使药学基础研究与新药开发应用有机融合,,,,,学科体系复旦大学药学院围绕药物的研究、开发和应用，构建了以四大学科群为基本框架、四个中心和四个平台为支撑点的创新药物研究和高端药学人才培养的药学学科体系，开展创新药物发现、生物效应与成药性研究、药物制剂与递送、药物临床应用与安全性评价等教学和科研工作，使药学基础研究与新药开发应用有机融合，形成了创新药物研究与应用并重的学科发展格局。
药学院,学科体系复旦大学药学院学科体系复旦大学药学院,发现,、生物效应与成药性研究、药物制剂与递送、药物临床应用与安全性评价等教学和科研工作，使药学基础研究与新药开发应用有机融合,,,,,学科体系复旦大学药学院围绕药物的研究、开发和应用，构建了以四大学科群为基本框架、四个中心和四个平台为支撑点的创新药物研究和高端药学人才培养的药学学科体系，开展创新药物发现、生物效应与成药性研究、药物制剂与递送、药物临床应用与安全性评价等教学和科研工作，使药学基础研究与新药开发应用有机融合，形成了创新药物研究与应用并重的学科发展格局。
药学院,学科体系复旦大学药学院学科体系复旦大学药学院,成,药性研究、药物制剂与递送、药物临床应用与安全性评价等教学和科研工作,,,,,学科体系复旦大学药学院围绕药物的研究、开发和应用，构建了以四大学科群为基本框架、四个中心和四个平台为支撑点的创新药物研究和高端药学人才培养的药学学科体系，开展创新药物发现、生物效应与成药性研究、药物制剂与递送、药物临床应用与安全性评价等教学和科研工作，使药学基础研究与新药开发应用有机融合，形成了创新药物研究与应用并重的学科发展格局。
药学院,学科体系复旦大学药学院学科体系复旦大学药学院,递送,药物临床应用与安全性评价等教学和科研工作,,,,,学科体系复旦大学药学院围绕药物的研究、开发和应用，构建了以四大学科群为基本框架、四个中心和四个平台为支撑点的创新药物研究和高端药学人才培养的药学学科体系，开展创新药物发现、生物效应与成药性研究、药物制剂与递送、药物临床应用与安全性评价等教学和科研工作，使药学基础研究与新药开发应用有机融合，形成了创新药物研究与应用并重的学科发展格局。
药学院,学科体系复旦大学药学院学科体系复旦大学药学院,使,药学基础研究与新药开发应用有机融合,,,,,学科体系复旦大学药学院围绕药物的研究、开发和应用，构建了以四大学科群为基本框架、四个中心和四个平台为支撑点的创新药物研究和高端药学人才培养的药学学科体系，开展创新药物发现、生物效应与成药性研究、药物制剂与递送、药物临床应用与安全性评价等教学和科研工作，使药学基础研究与新药开发应用有机融合，形成了创新药物研究与应用并重的学科发展格局。
药学院,学科体系复旦大学药学院学科体系复旦大学药学院,形成,创新药物研究与应用并重的学科发展格局,,,,,学科体系复旦大学药学院围绕药物的研究、开发和应用，构建了以四大学科群为基本框架、四个中心和四个平台为支撑点的创新药物研究和高端药学人才培养的药学学科体系，开展创新药物发现、生物效应与成药性研究、药物制剂与递送、药物临床应用与安全性评价等教学和科研工作，使药学基础研究与新药开发应用有机融合，形成了创新药物研究与应用并重的学科发展格局。
药学院,学科体系复旦大学药学院学科体系复旦大学药学院,并重,学科发展格局,,,,,学科体系复旦大学药学院围绕药物的研究、开发和应用，构建了以四大学科群为基本框架、四个中心和四个平台为支撑点的创新药物研究和高端药学人才培养的药学学科体系，开展创新药物发现、生物效应与成药性研究、药物制剂与递送、药物临床应用与安全性评价等教学和科研工作，使药学基础研究与新药开发应用有机融合，形成了创新药物研究与应用并重的学科发展格局。
药学院,人才,培养,复旦大学药学院拥有从本科生到研究生、从全日制到继续教育的完整的药学专业人才培养体系,,,,,人才培养复旦大学药学院拥有从本科生到研究生、从全日制到继续教育的完整的药学专业人才培养体系。
药学院,人才,拥有,从本科生到研究生、从全日制到继续教育的完整的药学专业人才培养体系,,复旦大学,,,人才培养复旦大学药学院拥有从本科生到研究生、从全日制到继续教育的完整的药学专业人才培养体系。
药学院,人才,到,继续教育的完整的药学专业人才培养体系,,复旦大学,,,人才培养复旦大学药学院拥有从本科生到研究生、从全日制到继续教育的完整的药学专业人才培养体系。
药学院,人才,继续,药学专业人才培养体系,,复旦大学,,,人才培养复旦大学药学院拥有从本科生到研究生、从全日制到继续教育的完整的药学专业人才培养体系。
药学院,人才,教育,药学专业人才培养体系,,复旦大学,,,人才培养复旦大学药学院拥有从本科生到研究生、从全日制到继续教育的完整的药学专业人才培养体系。
药学院,目前,在读,本科生（含留学生）320余名、研究生约350名,目前,,,,目前在读本科生（含留学生）320余名、研究生约350名。
药学院,目前,含,留学生,目前,,,,目前在读本科生（含留学生）320余名、研究生约350名。
药学院,研究生,约350名,,目前,,,350,目前在读本科生（含留学生）320余名、研究生约350名。
药学院,目前,培养,包括6位两院院士在内的一大批国内外知名的药学专家、学者和优秀毕业生,,,,6,已先后为国家培养和输送了包括6位两院院士在内的一大批国内外知名的药学专家、学者和优秀毕业生，所培养的人才获得用人单位广泛好评。
药学院,目前,输送,包括6位两院院士在内的一大批国内外知名的药学专家、学者和优秀毕业生,,,,6,已先后为国家培养和输送了包括6位两院院士在内的一大批国内外知名的药学专家、学者和优秀毕业生，所培养的人才获得用人单位广泛好评。
药学院,目前,包括,6位两院院士,,,,6,已先后为国家培养和输送了包括6位两院院士在内的一大批国内外知名的药学专家、学者和优秀毕业生，所培养的人才获得用人单位广泛好评。
药学院,所培养的人才,培养,人才,,,,,已先后为国家培养和输送了包括6位两院院士在内的一大批国内外知名的药学专家、学者和优秀毕业生，所培养的人才获得用人单位广泛好评。
药学院,人才,获得,用人单位广泛好评,,,,,已先后为国家培养和输送了包括6位两院院士在内的一大批国内外知名的药学专家、学者和优秀毕业生，所培养的人才获得用人单位广泛好评。
药学院,人才,好评,,,,,,已先后为国家培养和输送了包括6位两院院士在内的一大批国内外知名的药学专家、学者和优秀毕业生，所培养的人才获得用人单位广泛好评。
药学院,本科教育药学院,招收,药学专业本科生,,本科教育药学院,,,本科教育药学院按药学一级学科招收药学专业本科生，并于2009年开设药学专业（临床药学方向）。
药学院,本科教育药学院,开设,药学专业（临床药学方向）,2009年,,,,本科教育药学院按药学一级学科招收药学专业本科生，并于2009年开设药学专业（临床药学方向）。
药学院,本科教育药学院,招收,本科生100余名,目前,,,100,目前每年招收本科生100余名。
药学院,药学,院定,位于培养研究型精英人才，实行小班化精品教育，注重对学生科技创新能力和人文素养的综合培养,,,,,药学院定位于培养研究型精英人才，实行小班化精品教育，注重对学生科技创新能力和人文素养的综合培养。
药学院,药学,位于,培养研究型精英人才,,,,,药学院定位于培养研究型精英人才，实行小班化精品教育，注重对学生科技创新能力和人文素养的综合培养。
药学院,药学,培养,研究型精英人才,,,,,药学院定位于培养研究型精英人才，实行小班化精品教育，注重对学生科技创新能力和人文素养的综合培养。
药学院,药学,实行,小班化精品教育,,,,,药学院定位于培养研究型精英人才，实行小班化精品教育，注重对学生科技创新能力和人文素养的综合培养。
药学院,药学,注重,对学生科技创新能力和人文素养的综合培养,,,,,药学院定位于培养研究型精英人才，实行小班化精品教育，注重对学生科技创新能力和人文素养的综合培养。
药学院,药学,获得,国家级教学成果二等奖,,,,,曾获得国家级教学成果二等奖，国家级精品课程1门，上海市精品课程6门等成果。
药学院,研究生教育,培养,高素质,,,,,研究生教育以培养高素质从事药学研究的科研后备力量和学术精英为目标。
药学院,研究生教育,从事,药学研究的科研后备力量和学术精英为目标,,,,,研究生教育以培养高素质从事药学研究的科研后备力量和学术精英为目标。
药学院,研究生教育,为,目标,,,,,研究生教育以培养高素质从事药学研究的科研后备力量和学术精英为目标。
药学院,药学院,拥有,二级学科博士点,,,,7,药学院为全国首批药学一级学科博士学位授予权单位，拥有二级学科博士点7个，二级学科硕士点7个。
药学院,药学院,硕士点,,,,,7,药学院为全国首批药学一级学科博士学位授予权单位，拥有二级学科博士点7个，二级学科硕士点7个。
药学院,学院,重视,应用型人才的培养,,,,,同时，学院重视应用型人才的培养，为全国首批药学硕士专业学位和工程博士（生物与医药领域）专业学位授予点，首创与国际知名制药公司（辉瑞公司）联合培养研究生的模式，在国内率先开展“4+4本博”和“4+2本硕”一体化的临床药学人才培养模式。
药学院,学院,授予,点,,,,,同时，学院重视应用型人才的培养，为全国首批药学硕士专业学位和工程博士（生物与医药领域）专业学位授予点，首创与国际知名制药公司（辉瑞公司）联合培养研究生的模式，在国内率先开展“4+4本博”和“4+2本硕”一体化的临床药学人才培养模式。
药学院,首创与国际知名制药公司（辉瑞公司）联合培养研究生的模式，在国内率先开展“4+4本博”和“4+2本硕”一体化的临床药学人才培养模式,创,与国际知名制药公司（辉瑞公司）联合培养研究生的模式,,,,,同时，学院重视应用型人才的培养，为全国首批药学硕士专业学位和工程博士（生物与医药领域）专业学位授予点，首创与国际知名制药公司（辉瑞公司）联合培养研究生的模式，在国内率先开展“4+4本博”和“4+2本硕”一体化的临床药学人才培养模式。
药学院,首创与国际知名制药公司（辉瑞公司）联合培养研究生的模式，在国内率先开展“4+4本博”和“4+2本硕”一体化的临床药学人才培养模式,联合,培养研究生的模式,,,,,同时，学院重视应用型人才的培养，为全国首批药学硕士专业学位和工程博士（生物与医药领域）专业学位授予点，首创与国际知名制药公司（辉瑞公司）联合培养研究生的模式，在国内率先开展“4+4本博”和“4+2本硕”一体化的临床药学人才培养模式。
药学院,首创与国际知名制药公司（辉瑞公司）联合培养研究生的模式，在国内率先开展“4+4本博”和“4+2本硕”一体化的临床药学人才培养模式,培养,研究生的模式,,,,,同时，学院重视应用型人才的培养，为全国首批药学硕士专业学位和工程博士（生物与医药领域）专业学位授予点，首创与国际知名制药公司（辉瑞公司）联合培养研究生的模式，在国内率先开展“4+4本博”和“4+2本硕”一体化的临床药学人才培养模式。
药学院,首创与国际知名制药公司（辉瑞公司）联合培养研究生的模式，在国内率先开展“4+4本博”和“4+2本硕”一体化的临床药学人才培养模式,开展,“4+4本博,,,,4+4,同时，学院重视应用型人才的培养，为全国首批药学硕士专业学位和工程博士（生物与医药领域）专业学位授予点，首创与国际知名制药公司（辉瑞公司）联合培养研究生的模式，在国内率先开展“4+4本博”和“4+2本硕”一体化的临床药学人才培养模式。
药学院,学院,获得,全国百篇优秀博士学位论文3篇、提名2篇，人才培养质量位居国内药学院校领先行列,近年,,,百,近年来，获得全国百篇优秀博士学位论文3篇、提名2篇，人才培养质量位居国内药学院校领先行列。
药学院,学院,提名,人才培养质量位居国内药学院校领先行列,近年,,,2,近年来，获得全国百篇优秀博士学位论文3篇、提名2篇，人才培养质量位居国内药学院校领先行列。
药学院,学院,位居,国内药学院校领先行列,近年,,,,近年来，获得全国百篇优秀博士学位论文3篇、提名2篇，人才培养质量位居国内药学院校领先行列。
药学院,博士后流动站,拥有,药学博士后科研流动站,,,,,博士后流动站拥有药学博士后科研流动站，每年招收博士后5-10人。
药学院,博士后流动站,招收,博士后5-10人,,,,5-10,博士后流动站拥有药学博士后科研流动站，每年招收博士后5-10人。
药学院,博士后流动站,继续,教育为社会在职人员提供从本科到研究生培养、行业人才培训的终身教育体系，开设本科继续教育、临床药师培训、执业药师继续教育等课程,,,,,继续教育为社会在职人员提供从本科到研究生培养、行业人才培训的终身教育体系，开设本科继续教育、临床药师培训、执业药师继续教育等课程。
药学院,博士后流动站,教育,社会在职人员,,,,,继续教育为社会在职人员提供从本科到研究生培养、行业人才培训的终身教育体系，开设本科继续教育、临床药师培训、执业药师继续教育等课程。
药学院,博士后流动站,提供,从本科到研究生培养、行业人才培训的终身教育体系，开设本科继续教育、临床药师培训、执业药师继续教育等课程,,,,,继续教育为社会在职人员提供从本科到研究生培养、行业人才培训的终身教育体系，开设本科继续教育、临床药师培训、执业药师继续教育等课程。
药学院,博士后流动站,培养,行业人才培训的终身教育体系,,,,,继续教育为社会在职人员提供从本科到研究生培养、行业人才培训的终身教育体系，开设本科继续教育、临床药师培训、执业药师继续教育等课程。
药学院,博士后流动站,开设,本科继续教育、临床药师培训、执业药师继续教育等课程,,,,,继续教育为社会在职人员提供从本科到研究生培养、行业人才培训的终身教育体系，开设本科继续教育、临床药师培训、执业药师继续教育等课程。
药学院,博士后流动站,继续,临床药师培训、执业药师继续教育等课程,,,,,继续教育为社会在职人员提供从本科到研究生培养、行业人才培训的终身教育体系，开设本科继续教育、临床药师培训、执业药师继续教育等课程。
药学院,博士后流动站,教育,临床药师培训、执业药师继续教育等课程,,,,,继续教育为社会在职人员提供从本科到研究生培养、行业人才培训的终身教育体系，开设本科继续教育、临床药师培训、执业药师继续教育等课程。
药学院,博士后流动站,执业,药师,,,,,继续教育为社会在职人员提供从本科到研究生培养、行业人才培训的终身教育体系，开设本科继续教育、临床药师培训、执业药师继续教育等课程。
药学院,博士后流动站,继续,教育等课程,,,,,继续教育为社会在职人员提供从本科到研究生培养、行业人才培训的终身教育体系，开设本科继续教育、临床药师培训、执业药师继续教育等课程。
药学院,科学研究复旦大学药学院科学研究复旦大学药学院,为主,新药开发,,学院,,,科学研究复旦大学药学院以药学基础及应用基础研究为主，兼顾新药开发，侧重于抗感染药物、抗肿瘤药物、心脑血管药物的新理论、新技术、新方法、新产品等研究，取得了一批具有国际先进水平的科研成果。
药学院,科学研究复旦大学药学院科学研究复旦大学药学院,兼顾,新药开发,,,,,科学研究复旦大学药学院以药学基础及应用基础研究为主，兼顾新药开发，侧重于抗感染药物、抗肿瘤药物、心脑血管药物的新理论、新技术、新方法、新产品等研究，取得了一批具有国际先进水平的科研成果。
药学院,科学研究复旦大学药学院科学研究复旦大学药学院,侧重于,抗感染药物、抗肿瘤药物、心脑血管药物的新理论、新技术、新方法、新产品等研究,,,,,科学研究复旦大学药学院以药学基础及应用基础研究为主，兼顾新药开发，侧重于抗感染药物、抗肿瘤药物、心脑血管药物的新理论、新技术、新方法、新产品等研究，取得了一批具有国际先进水平的科研成果。
药学院,科学研究复旦大学药学院科学研究复旦大学药学院,取得,一批具有国际先进水平的科研成果,,,,一,科学研究复旦大学药学院以药学基础及应用基础研究为主，兼顾新药开发，侧重于抗感染药物、抗肿瘤药物、心脑血管药物的新理论、新技术、新方法、新产品等研究，取得了一批具有国际先进水平的科研成果。
药学院,科学研究复旦大学药学院科学研究复旦大学药学院,具有,国际先进水平,,,,一,科学研究复旦大学药学院以药学基础及应用基础研究为主，兼顾新药开发，侧重于抗感染药物、抗肿瘤药物、心脑血管药物的新理论、新技术、新方法、新产品等研究，取得了一批具有国际先进水平的科研成果。
药学院,科学研究复旦大学药学院科学研究复旦大学药学院,承担,“国家重大科学研究计划（973）项目”,近年,,,,近年来，作为首席科学家单位承担“国家重大科学研究计划（973）项目”3项，作为项目负责人单位承担“国家高技术研究发展计划（863计划）项目”6项，承担国家十一五“综合性新药研究开发技术大平台”建设、十一五和十二五“新制剂与新释药系统技术平台”建设、十一五“中药药效物质基础及物质资源库关键技术研究”。
药学院,项目负责人单位,承担,“国家高技术研究发展计划（863计划）项目”6项，承担国家十一五“综合性新药研究开发技术大平台”建设、十一五和十二五“新制剂与新释药系统技术平台”建设、十一五“中药药效物质基础及物质资源库关键技术研究”,近年,,,,近年来，作为首席科学家单位承担“国家重大科学研究计划（973）项目”3项，作为项目负责人单位承担“国家高技术研究发展计划（863计划）项目”6项，承担国家十一五“综合性新药研究开发技术大平台”建设、十一五和十二五“新制剂与新释药系统技术平台”建设、十一五“中药药效物质基础及物质资源库关键技术研究”。
药学院,项目负责人单位,承担,国家十一五“综合性新药研究开发技术大平台”建设、十一五和十二五“新制剂与新释药系统技术平台”建设、十一五“中药药效物质基础及物质资源库关键技术研究”,近年,,,,近年来，作为首席科学家单位承担“国家重大科学研究计划（973）项目”3项，作为项目负责人单位承担“国家高技术研究发展计划（863计划）项目”6项，承担国家十一五“综合性新药研究开发技术大平台”建设、十一五和十二五“新制剂与新释药系统技术平台”建设、十一五“中药药效物质基础及物质资源库关键技术研究”。
药学院,科学研究复旦大学药学院科学研究复旦大学药学院,主持,科技部重大项目,,,,33,主持和参加科技部重大项目33项，获得其他部级项目43项；获得国家自然科学基金项目141项，其中重点项目3项，杰青3名、优青1名；获上海市科研项目110项。
药学院,科学研究复旦大学药学院科学研究复旦大学药学院,参加,科技部重大项目,,,,33,主持和参加科技部重大项目33项，获得其他部级项目43项；获得国家自然科学基金项目141项，其中重点项目3项，杰青3名、优青1名；获上海市科研项目110项。
药学院,科学研究复旦大学药学院科学研究复旦大学药学院,获得,其他部级项目,,,,43,主持和参加科技部重大项目33项，获得其他部级项目43项；获得国家自然科学基金项目141项，其中重点项目3项，杰青3名、优青1名；获上海市科研项目110项。
药学院,科学研究复旦大学药学院科学研究复旦大学药学院,获得,国家自然科学基金项目,,,,141,主持和参加科技部重大项目33项，获得其他部级项目43项；获得国家自然科学基金项目141项，其中重点项目3项，杰青3名、优青1名；获上海市科研项目110项。
药学院,重点项目,3项,,,,,3,主持和参加科技部重大项目33项，获得其他部级项目43项；获得国家自然科学基金项目141项，其中重点项目3项，杰青3名、优青1名；获上海市科研项目110项。
药学院,杰青,3名,,,,,3,主持和参加科技部重大项目33项，获得其他部级项目43项；获得国家自然科学基金项目141项，其中重点项目3项，杰青3名、优青1名；获上海市科研项目110项。
药学院,科学研究复旦大学药学院科学研究复旦大学药学院,获,上海市科研项目,,,,110,主持和参加科技部重大项目33项，获得其他部级项目43项；获得国家自然科学基金项目141项，其中重点项目3项，杰青3名、优青1名；获上海市科研项目110项。
药学院,纵向、横向到位科研经费纵向、横向到位科研经费,达,,,,,,纵向、横向到位科研经费约达2.8亿元。
药学院,纵向、横向到位科研经费纵向、横向到位科研经费,授权,发明专利197项,,,,197,授权发明专利197项，年均发表SCI论文100篇以上。
药学院,纵向、横向到位科研经费纵向、横向到位科研经费,发明,专利,,,,197,授权发明专利197项，年均发表SCI论文100篇以上。
药学院,纵向、横向到位科研经费纵向、横向到位科研经费,发表,SCI论文,,,,100,授权发明专利197项，年均发表SCI论文100篇以上。
药学院,纵向、横向到位科研经费纵向、横向到位科研经费,获得,教育部自然科学一等奖,,,,2,获得教育部自然科学一等奖2项。
药学院,师资队伍,复旦大学药学院现有教职员工人,,,,,134,师资队伍复旦大学药学院现有教职员工134人，其中正高职称35人，副高职称42人；博士生导师40名，硕士生导师37名。
药学院,副高职称,人,,,,,42,师资队伍复旦大学药学院现有教职员工134人，其中正高职称35人，副高职称42人；博士生导师40名，硕士生导师37名。
药学院,博士生导师博士生导师,40名,,,,,40,师资队伍复旦大学药学院现有教职员工134人，其中正高职称35人，副高职称42人；博士生导师40名，硕士生导师37名。
药学院,硕士生导师,37名,,,,,37,师资队伍复旦大学药学院现有教职员工134人，其中正高职称35人，副高职称42人；博士生导师40名，硕士生导师37名。
药学院,师资队伍,拥有,国家“千人计划”特聘教授3名、入选上海市“千人计划”特聘教授2名、中组部“青年千人计划”教授1名、973项目首席科学家3名、国家“杰出青年基金获得者”3名和“优秀青年基金获得者”1名、教育部“长江学者”特聘教授1名、教育部新世纪优秀人才7名、上海市领军人才1名、上海市优秀学术和技术带头人6名等,,,,千,拥有国家“千人计划”特聘教授3名、入选上海市“千人计划”特聘教授2名、中组部“青年千人计划”教授1名、973项目首席科学家3名、国家“杰出青年基金获得者”3名和“优秀青年基金获得者”1名、教育部“长江学者”特聘教授1名、教育部新世纪优秀人才7名、上海市领军人才1名、上海市优秀学术和技术带头人6名等。
药学院,师资队伍,入选,上海市“千人计划”特聘教授2名、中组部“青年千人计划”教授1名、973项目首席科学家3名、国家“杰出青年基金获得者”3名和“优秀青年基金获得者”1名、教育部“长江学者”特聘教授1名、教育部新世纪优秀人才7名、上海市领军人才1名、上海市优秀学术和技术带头人6名等,,,,千,拥有国家“千人计划”特聘教授3名、入选上海市“千人计划”特聘教授2名、中组部“青年千人计划”教授1名、973项目首席科学家3名、国家“杰出青年基金获得者”3名和“优秀青年基金获得者”1名、教育部“长江学者”特聘教授1名、教育部新世纪优秀人才7名、上海市领军人才1名、上海市优秀学术和技术带头人6名等。
药学院,师资队伍,领军,人才1名、上海市优秀学术和技术带头人6名,,教育部,,1,拥有国家“千人计划”特聘教授3名、入选上海市“千人计划”特聘教授2名、中组部“青年千人计划”教授1名、973项目首席科学家3名、国家“杰出青年基金获得者”3名和“优秀青年基金获得者”1名、教育部“长江学者”特聘教授1名、教育部新世纪优秀人才7名、上海市领军人才1名、上海市优秀学术和技术带头人6名等。
药学院,平台建设复旦大学药学院平台建设复旦大学药学院,建立,较为系统的新药研究开发技术平台，服务于药物设计、筛选、制备、评价与应用，为复旦大学和国家创新药物体系建设做出了积极贡献,,复旦大学,,,平台建设复旦大学药学院建立了较为系统的新药研究开发技术平台，服务于药物设计、筛选、制备、评价与应用，为复旦大学和国家创新药物体系建设做出了积极贡献。
药学院,平台建设复旦大学药学院平台建设复旦大学药学院,服务,于药物设计、筛选、制备、评价与应用，为复旦大学和国家创新药物体系建设做出了积极贡献,,,,,平台建设复旦大学药学院建立了较为系统的新药研究开发技术平台，服务于药物设计、筛选、制备、评价与应用，为复旦大学和国家创新药物体系建设做出了积极贡献。
药学院,平台建设复旦大学药学院平台建设复旦大学药学院,制备,评价与应用,,,,,平台建设复旦大学药学院建立了较为系统的新药研究开发技术平台，服务于药物设计、筛选、制备、评价与应用，为复旦大学和国家创新药物体系建设做出了积极贡献。
药学院,平台建设复旦大学药学院平台建设复旦大学药学院,做出,积极贡献,,复旦大学,,,平台建设复旦大学药学院建立了较为系统的新药研究开发技术平台，服务于药物设计、筛选、制备、评价与应用，为复旦大学和国家创新药物体系建设做出了积极贡献。
药学院,平台建设复旦大学药学院平台建设复旦大学药学院,搬迁,至张江校区,,,,,搬迁至张江校区以后，建立了实验教学、分析测试、动物实验、临床药学等4个中心；建立并完善了计算机辅助药物设计、抗病毒药物筛选、分子影像示踪、符合GMP要求的药物制剂中试等4个技术平台。
药学院,平台建设复旦大学药学院平台建设复旦大学药学院,建立,实验教学、分析测试、动物实验、临床药学等4个中心,,,,4,搬迁至张江校区以后，建立了实验教学、分析测试、动物实验、临床药学等4个中心；建立并完善了计算机辅助药物设计、抗病毒药物筛选、分子影像示踪、符合GMP要求的药物制剂中试等4个技术平台。
药学院,平台建设复旦大学药学院平台建设复旦大学药学院,分析,测试、动物实验、临床药学等4个中心,,,,4,搬迁至张江校区以后，建立了实验教学、分析测试、动物实验、临床药学等4个中心；建立并完善了计算机辅助药物设计、抗病毒药物筛选、分子影像示踪、符合GMP要求的药物制剂中试等4个技术平台。
药学院,平台建设复旦大学药学院平台建设复旦大学药学院,建立,计算机辅助药物设计、抗病毒药物筛选、分子影像示踪,,,,4,搬迁至张江校区以后，建立了实验教学、分析测试、动物实验、临床药学等4个中心；建立并完善了计算机辅助药物设计、抗病毒药物筛选、分子影像示踪、符合GMP要求的药物制剂中试等4个技术平台。
药学院,平台建设复旦大学药学院平台建设复旦大学药学院,完善,计算机辅助药物设计、抗病毒药物筛选、分子影像示踪,,,,4,搬迁至张江校区以后，建立了实验教学、分析测试、动物实验、临床药学等4个中心；建立并完善了计算机辅助药物设计、抗病毒药物筛选、分子影像示踪、符合GMP要求的药物制剂中试等4个技术平台。
药学院,平台建设复旦大学药学院平台建设复旦大学药学院,符合,GMP要求的药物制剂中试等4个技术平台,,,,4,搬迁至张江校区以后，建立了实验教学、分析测试、动物实验、临床药学等4个中心；建立并完善了计算机辅助药物设计、抗病毒药物筛选、分子影像示踪、符合GMP要求的药物制剂中试等4个技术平台。
药学院,平台建设复旦大学药学院平台建设复旦大学药学院,要求,药物制剂中试等,,,,4,搬迁至张江校区以后，建立了实验教学、分析测试、动物实验、临床药学等4个中心；建立并完善了计算机辅助药物设计、抗病毒药物筛选、分子影像示踪、符合GMP要求的药物制剂中试等4个技术平台。
药学院,平台建设复旦大学药学院平台建设复旦大学药学院,依托,复旦大学药剂学国家重点学科和药学院,,,,,依托复旦大学药剂学国家重点学科和药学院建立了“智能化递药教育部和全军重点实验室，形成了“智能化材料设计、药物靶向递送、药物控制释放、生物效应评价”的智能化药物应用基础研究的整体格局。
药学院,平台建设复旦大学药学院平台建设复旦大学药学院,建立,“智能化递药教育部和全军重点实验室,,药剂学,,,依托复旦大学药剂学国家重点学科和药学院建立了“智能化递药教育部和全军重点实验室，形成了“智能化材料设计、药物靶向递送、药物控制释放、生物效应评价”的智能化药物应用基础研究的整体格局。
药学院,平台建设复旦大学药学院平台建设复旦大学药学院,形成,“智能化材料设计、药物靶向递送、药物控制释放、生物效应评价”的智能化药物应用基础研究的整体格局,,,,,依托复旦大学药剂学国家重点学科和药学院建立了“智能化递药教育部和全军重点实验室，形成了“智能化材料设计、药物靶向递送、药物控制释放、生物效应评价”的智能化药物应用基础研究的整体格局。
药学院,平台建设复旦大学药学院平台建设复旦大学药学院,递送,药物控制释放、生物效应评价”的智能化药物应用基础研究的整体格局,,,,,依托复旦大学药剂学国家重点学科和药学院建立了“智能化递药教育部和全军重点实验室，形成了“智能化材料设计、药物靶向递送、药物控制释放、生物效应评价”的智能化药物应用基础研究的整体格局。
药学院,平台建设复旦大学药学院平台建设复旦大学药学院,释放,生物效应评价,,,,,依托复旦大学药剂学国家重点学科和药学院建立了“智能化递药教育部和全军重点实验室，形成了“智能化材料设计、药物靶向递送、药物控制释放、生物效应评价”的智能化药物应用基础研究的整体格局。
药学院,平台建设复旦大学药学院平台建设复旦大学药学院,获批,上海市重点实验室建设立项,2014年,,,,“上海市小分子活性物质重点实验室”于2014年获批上海市重点实验室建设立项。
药学院,平台建设复旦大学药学院平台建设复旦大学药学院,立项,,2014年,,,,“上海市小分子活性物质重点实验室”于2014年获批上海市重点实验室建设立项。
药学院,平台建设复旦大学药学院平台建设复旦大学药学院,依托,复旦大学药学院的“上海药物创制产业化开发中心”于2013年获得上海市批准立项，为创制药物产业化能力的提高、高校服务社会能力的提升奠定了坚实基础,,,,,依托复旦大学药学院的“上海药物创制产业化开发中心”于2013年获得上海市批准立项，为创制药物产业化能力的提高、高校服务社会能力的提升奠定了坚实基础。
药学院,平台建设复旦大学药学院平台建设复旦大学药学院,获得,上海市批准立项，为创制药物产业化能力的提高、高校服务社会能力的提升奠定了坚实基础,2013年,,,,依托复旦大学药学院的“上海药物创制产业化开发中心”于2013年获得上海市批准立项，为创制药物产业化能力的提高、高校服务社会能力的提升奠定了坚实基础。
药学院,平台建设复旦大学药学院平台建设复旦大学药学院,批准,立项,2013年,,,,依托复旦大学药学院的“上海药物创制产业化开发中心”于2013年获得上海市批准立项，为创制药物产业化能力的提高、高校服务社会能力的提升奠定了坚实基础。
药学院,平台建设复旦大学药学院平台建设复旦大学药学院,立项,为创制药物产业化能力的提高、高校,2013年,,,,依托复旦大学药学院的“上海药物创制产业化开发中心”于2013年获得上海市批准立项，为创制药物产业化能力的提高、高校服务社会能力的提升奠定了坚实基础。
药学院,平台建设复旦大学药学院平台建设复旦大学药学院,服务,社会能力,2013年,,,,依托复旦大学药学院的“上海药物创制产业化开发中心”于2013年获得上海市批准立项，为创制药物产业化能力的提高、高校服务社会能力的提升奠定了坚实基础。
药学院,平台建设复旦大学药学院平台建设复旦大学药学院,奠定,坚实基础,2013年,,,,依托复旦大学药学院的“上海药物创制产业化开发中心”于2013年获得上海市批准立项，为创制药物产业化能力的提高、高校服务社会能力的提升奠定了坚实基础。
药学院,对外交流复旦大学药学院对外交流复旦大学药学院,开展,对外学术交流活动,,药,,,对外交流复旦大学药学院积极开展对外学术交流活动，保持与美国明尼苏达大学、俄亥俄州立大学、匹兹堡大学、佛罗里达大学、佐治亚大学、奥尔巴尼医药和健康科学学院和日本长崎大学药学部在本科生、研究生交流、师资培训等方面的合作与交流。
药学院,对外交流复旦大学药学院对外交流复旦大学药学院,保持,与美国明尼苏达大学、俄亥俄州立大学、匹兹堡大学、佛罗里达大学、佐治亚大学、奥尔巴尼医药和健康科学学院和日本长崎大学药学部在本科生、研究生交流、师资培训等方面的合作与交流,,,,,对外交流复旦大学药学院积极开展对外学术交流活动，保持与美国明尼苏达大学、俄亥俄州立大学、匹兹堡大学、佛罗里达大学、佐治亚大学、奥尔巴尼医药和健康科学学院和日本长崎大学药学部在本科生、研究生交流、师资培训等方面的合作与交流。
药学院,对外交流复旦大学药学院对外交流复旦大学药学院,邀请,国外知名专家前来讲学数十人次,,,,数十,平均每年邀请国外知名专家前来讲学数十人次，每年长期公派出国进修教师3~5人次，参加学术交流访问或国际会议60余人次，派出交流学生约15人。
药学院,对外交流复旦大学药学院对外交流复旦大学药学院,前来,每年长期公派出国进修教师,,,,数十,平均每年邀请国外知名专家前来讲学数十人次，每年长期公派出国进修教师3~5人次，参加学术交流访问或国际会议60余人次，派出交流学生约15人。
药学院,对外交流复旦大学药学院对外交流复旦大学药学院,讲学,每年长期公派出国进修教师,,,,数十,平均每年邀请国外知名专家前来讲学数十人次，每年长期公派出国进修教师3~5人次，参加学术交流访问或国际会议60余人次，派出交流学生约15人。
药学院,对外交流复旦大学药学院对外交流复旦大学药学院,出国,进修教师,,,,3~5,平均每年邀请国外知名专家前来讲学数十人次，每年长期公派出国进修教师3~5人次，参加学术交流访问或国际会议60余人次，派出交流学生约15人。
药学院,对外交流复旦大学药学院对外交流复旦大学药学院,进修,教师,,,,3~5,平均每年邀请国外知名专家前来讲学数十人次，每年长期公派出国进修教师3~5人次，参加学术交流访问或国际会议60余人次，派出交流学生约15人。
药学院,对外交流复旦大学药学院对外交流复旦大学药学院,参加,学术交流,,,,,平均每年邀请国外知名专家前来讲学数十人次，每年长期公派出国进修教师3~5人次，参加学术交流访问或国际会议60余人次，派出交流学生约15人。
药学院,对外交流复旦大学药学院对外交流复旦大学药学院,访问,国际会议60余人次,,,,,平均每年邀请国外知名专家前来讲学数十人次，每年长期公派出国进修教师3~5人次，参加学术交流访问或国际会议60余人次，派出交流学生约15人。
药学院,对外交流复旦大学药学院对外交流复旦大学药学院,派出,学生约15人,,,,15,平均每年邀请国外知名专家前来讲学数十人次，每年长期公派出国进修教师3~5人次，参加学术交流访问或国际会议60余人次，派出交流学生约15人。
药学院,对外交流复旦大学药学院对外交流复旦大学药学院,交流,学生约15人,,,,15,平均每年邀请国外知名专家前来讲学数十人次，每年长期公派出国进修教师3~5人次，参加学术交流访问或国际会议60余人次，派出交流学生约15人。
药学院,对外交流复旦大学药学院对外交流复旦大学药学院,承办,“国际药物制剂论坛”等大型国际会议,,,,,连续承办了“国际药物制剂论坛”等大型国际会议，多名教授在国内外重要学术组织、学术期刊上担任重要职务，并活跃在国际重要学术会议讲坛上，国际合作研究成果多次在国际著名学术刊物上发表等，国内外影响力逐年提升。
药学院,教授,担任,重要职务,,,,多,连续承办了“国际药物制剂论坛”等大型国际会议，多名教授在国内外重要学术组织、学术期刊上担任重要职务，并活跃在国际重要学术会议讲坛上，国际合作研究成果多次在国际著名学术刊物上发表等，国内外影响力逐年提升。
药学院,对外交流复旦大学药学院对外交流复旦大学药学院,活跃,在国际重要学术会议讲坛上,,,,,连续承办了“国际药物制剂论坛”等大型国际会议，多名教授在国内外重要学术组织、学术期刊上担任重要职务，并活跃在国际重要学术会议讲坛上，国际合作研究成果多次在国际著名学术刊物上发表等，国内外影响力逐年提升。
药学院,国际合作研究成果,发表,国内外影响力逐年提升,,,,多,连续承办了“国际药物制剂论坛”等大型国际会议，多名教授在国内外重要学术组织、学术期刊上担任重要职务，并活跃在国际重要学术会议讲坛上，国际合作研究成果多次在国际著名学术刊物上发表等，国内外影响力逐年提升。
药学院,国内外影响力,提升,,,,,,连续承办了“国际药物制剂论坛”等大型国际会议，多名教授在国内外重要学术组织、学术期刊上担任重要职务，并活跃在国际重要学术会议讲坛上，国际合作研究成果多次在国际著名学术刊物上发表等，国内外影响力逐年提升。
药学院,复旦大学药学院复旦大学药学院,培养,近万名杰出校友,80年,复旦大学,,万,校友活动80年来，复旦大学药学院培养了近万名杰出校友，其中包括6名两院院士，为我国乃至世界药学事业的发展做出了贡献。
药学院,复旦大学药学院复旦大学药学院,做出,贡献,80年,,,,校友活动80年来，复旦大学药学院培养了近万名杰出校友，其中包括6名两院院士，为我国乃至世界药学事业的发展做出了贡献。
药学院,学院,重视,校友工作,,,,,学院高度重视校友工作，成立了校友工作办公室。
药学院,学院,成立,校友工作办公室,,,,,学院高度重视校友工作，成立了校友工作办公室。
